Time,Usage,UserID
2022-06-21 10:07:59.318866,56209.47735874606,1
2022-06-21 10:07:59.318866,14638.760172248156,2
2022-06-21 10:07:59.318866,96551.80415804997,3
2022-06-21 10:07:59.318866,61229.078916601844,4
2022-06-21 11:07:59.318901,56283.17302965801,1
2022-06-21 11:07:59.318901,14590.67361965477,2
2022-06-21 11:07:59.318901,96435.06140996897,3
2022-06-21 11:07:59.318901,61699.03933649344,4
2022-06-21 12:07:59.318911,57302.735568613345,1
2022-06-21 12:07:59.318911,14726.628425321505,2
2022-06-21 12:07:59.318911,98507.29982210783,3
2022-06-21 12:07:59.318911,62535.525969426526,4
2022-06-21 13:07:59.318922,57953.784087899694,1
2022-06-21 13:07:59.318922,14835.53684650441,2
2022-06-21 13:07:59.318922,97206.36397118284,3
2022-06-21 13:07:59.318922,62651.40655613175,4
2022-06-21 14:07:59.318932,56659.31992591888,1
2022-06-21 14:07:59.318932,14687.175035890117,2
2022-06-21 14:07:59.318932,97018.82533480771,3
2022-06-21 14:07:59.318932,63071.98610135009,4
2022-06-21 15:07:59.318943,57204.698719739084,1
2022-06-21 15:07:59.318943,14666.705906201429,2
2022-06-21 15:07:59.318943,99494.45777829466,3
2022-06-21 15:07:59.318943,63854.84921886545,4
2022-06-21 16:07:59.318953,58826.39727624186,1
2022-06-21 16:07:59.318953,15411.582549334746,2
2022-06-21 16:07:59.318953,96625.22028840196,3
2022-06-21 16:07:59.318953,61542.6039257052,4
2022-06-21 17:07:59.318961,60096.058141737616,1
2022-06-21 17:07:59.318961,14959.511489913175,2
2022-06-21 17:07:59.318961,102185.3578653734,3
2022-06-21 17:07:59.318961,62866.06012059904,4
2022-06-21 18:07:59.318969,59114.9955321306,1
2022-06-21 18:07:59.318969,15619.634732037324,2
2022-06-21 18:07:59.318969,101041.24202129644,3
2022-06-21 18:07:59.318969,63397.25076625043,4
2022-06-21 19:07:59.318978,58755.25362937773,1
2022-06-21 19:07:59.318978,15909.594701359709,2
2022-06-21 19:07:59.318978,97363.46840969317,3
2022-06-21 19:07:59.318978,61768.46711489815,4
2022-06-21 20:07:59.318985,61497.51998891274,1
2022-06-21 20:07:59.318985,15864.447639561324,2
2022-06-21 20:07:59.318985,98854.59952921144,3
2022-06-21 20:07:59.318985,61602.34089465648,4
2022-06-21 21:07:59.318993,60989.78749851721,1
2022-06-21 21:07:59.318993,14885.821003642055,2
2022-06-21 21:07:59.318993,99137.18803988765,3
2022-06-21 21:07:59.318993,64958.95016232835,4
2022-06-21 22:07:59.319001,60412.80878856012,1
2022-06-21 22:07:59.319001,15041.633863611933,2
2022-06-21 22:07:59.319001,100668.73622989921,3
2022-06-21 22:07:59.319001,61898.28725425207,4
2022-06-21 23:07:59.319009,62263.61575135521,1
2022-06-21 23:07:59.319009,14864.061268352847,2
2022-06-21 23:07:59.319009,95681.84779442573,3
2022-06-21 23:07:59.319009,64352.1288714872,4
2022-06-22 00:07:59.319019,61417.96709018193,1
2022-06-22 00:07:59.319019,14980.350461630163,2
2022-06-22 00:07:59.319019,106181.12154981808,3
2022-06-22 00:07:59.319019,62788.16292164999,4
2022-06-22 01:07:59.319041,64480.42454218376,1
2022-06-22 01:07:59.319041,15950.899886651263,2
2022-06-22 01:07:59.319041,108335.17014006733,3
2022-06-22 01:07:59.319041,65303.58105987059,4
2022-06-22 02:07:59.319049,59749.98831204689,1
2022-06-22 02:07:59.319049,16293.582303816136,2
2022-06-22 02:07:59.319049,103543.08571762605,3
2022-06-22 02:07:59.319049,68873.23420743189,4
2022-06-22 03:07:59.319058,60507.196397829044,1
2022-06-22 03:07:59.319058,16149.030725370649,2
2022-06-22 03:07:59.319058,98727.922464547,3
2022-06-22 03:07:59.319058,69305.1616171179,4
2022-06-22 04:07:59.319067,65913.45833022776,1
2022-06-22 04:07:59.319067,15817.04125695279,2
2022-06-22 04:07:59.319067,98115.15321918145,3
2022-06-22 04:07:59.319067,63113.70295181521,4
2022-06-22 05:07:59.319077,59887.11384195022,1
2022-06-22 05:07:59.319077,14985.847084473267,2
2022-06-22 05:07:59.319077,111276.80205778514,3
2022-06-22 05:07:59.319077,71795.42196716338,4
2022-06-22 06:07:59.319086,60791.86471351107,1
2022-06-22 06:07:59.319086,15869.987518496991,2
2022-06-22 06:07:59.319086,96480.1311309754,3
2022-06-22 06:07:59.319086,62522.679521883,4
2022-06-22 07:07:59.319093,56561.62061944909,1
2022-06-22 07:07:59.319093,15811.427373537972,2
2022-06-22 07:07:59.319093,106701.13593952461,3
2022-06-22 07:07:59.319093,63694.60449624943,4
2022-06-22 08:07:59.319101,65467.020063695025,1
2022-06-22 08:07:59.319101,14946.76494261782,2
2022-06-22 08:07:59.319101,103239.27857306802,3
2022-06-22 08:07:59.319101,65952.20133894008,4
2022-06-22 09:07:59.319109,65865.30730814673,1
2022-06-22 09:07:59.319109,17287.199589856562,2
2022-06-22 09:07:59.319109,100006.60839767613,3
2022-06-22 09:07:59.319109,66146.41280875506,4
2022-06-22 10:07:59.319117,65566.773120577,1
2022-06-22 10:07:59.319117,14839.498789777635,2
2022-06-22 10:07:59.319117,98038.56426601668,3
2022-06-22 10:07:59.319117,70791.28640818417,4
2022-06-22 11:07:59.319125,62805.33308434557,1
2022-06-22 11:07:59.319125,14576.591602733095,2
2022-06-22 11:07:59.319125,111627.62460840405,3
2022-06-22 11:07:59.319125,73044.3242430646,4
2022-06-22 12:07:59.319133,57642.7423968312,1
2022-06-22 12:07:59.319133,16747.098909695258,2
2022-06-22 12:07:59.319133,102874.12390023797,3
2022-06-22 12:07:59.319133,64693.92325870909,4
2022-06-22 13:07:59.319141,68776.13656073791,1
2022-06-22 13:07:59.319141,15683.172930061528,2
2022-06-22 13:07:59.319141,110216.02832978952,3
2022-06-22 13:07:59.319141,63690.234107600794,4
2022-06-22 14:07:59.319149,71025.28485760985,1
2022-06-22 14:07:59.319149,16681.373417375962,2
2022-06-22 14:07:59.319149,118338.81075059337,3
2022-06-22 14:07:59.319149,61946.99460155084,4
2022-06-22 15:07:59.319157,72098.14548221843,1
2022-06-22 15:07:59.319157,16851.342505972007,2
2022-06-22 15:07:59.319157,113305.99827509065,3
2022-06-22 15:07:59.319157,69703.51554928294,4
2022-06-22 16:07:59.319165,67675.1773679502,1
2022-06-22 16:07:59.319165,17816.887826608378,2
2022-06-22 16:07:59.319165,120025.05741065796,3
2022-06-22 16:07:59.319165,66746.21463516033,4
2022-06-22 17:07:59.319172,58406.098294919764,1
2022-06-22 17:07:59.319172,17539.94839806535,2
2022-06-22 17:07:59.319172,118213.05840538423,3
2022-06-22 17:07:59.319172,72690.83647108873,4
2022-06-22 18:07:59.319180,70078.39539819607,1
2022-06-22 18:07:59.319180,18292.398359180508,2
2022-06-22 18:07:59.319180,119384.06418107572,3
2022-06-22 18:07:59.319180,72444.4108760916,4
2022-06-22 19:07:59.319188,62119.25162583141,1
2022-06-22 19:07:59.319188,16167.248742860362,2
2022-06-22 19:07:59.319188,108533.66076092853,3
2022-06-22 19:07:59.319188,72252.5415188322,4
2022-06-22 20:07:59.319195,60128.83826650589,1
2022-06-22 20:07:59.319195,19280.06420937285,2
2022-06-22 20:07:59.319195,105450.21673831224,3
2022-06-22 20:07:59.319195,73888.69037643255,4
2022-06-22 21:07:59.319203,68995.32270425344,1
2022-06-22 21:07:59.319203,18934.051025029214,2
2022-06-22 21:07:59.319203,113802.3958703359,3
2022-06-22 21:07:59.319203,82561.11061562444,4
2022-06-22 22:07:59.319211,63177.83087305061,1
2022-06-22 22:07:59.319211,19286.66820381697,2
2022-06-22 22:07:59.319211,111784.1328132416,3
2022-06-22 22:07:59.319211,68196.49555665012,4
2022-06-22 23:07:59.319219,61616.78583679229,1
2022-06-22 23:07:59.319219,17803.0167633023,2
2022-06-22 23:07:59.319219,113737.23807833438,3
2022-06-22 23:07:59.319219,71104.31797307442,4
2022-06-23 00:07:59.319227,60637.9387831343,1
2022-06-23 00:07:59.319227,15763.879587096462,2
2022-06-23 00:07:59.319227,95912.63473897088,3
2022-06-23 00:07:59.319227,74272.1277484179,4
2022-06-23 01:07:59.319235,56837.98317457569,1
2022-06-23 01:07:59.319235,17650.81606021921,2
2022-06-23 01:07:59.319235,105642.14315765556,3
2022-06-23 01:07:59.319235,71827.20086478896,4
2022-06-23 02:07:59.319244,64542.275988148875,1
2022-06-23 02:07:59.319244,20187.02397516932,2
2022-06-23 02:07:59.319244,96318.62593040508,3
2022-06-23 02:07:59.319244,83275.10768249072,4
2022-06-23 03:07:59.319253,62573.001031317486,1
2022-06-23 03:07:59.319253,17412.984114289764,2
2022-06-23 03:07:59.319253,123157.6709589811,3
2022-06-23 03:07:59.319253,72938.09723988196,4
2022-06-23 04:07:59.319263,62009.7449492311,1
2022-06-23 04:07:59.319263,14884.237658329335,2
2022-06-23 04:07:59.319263,121300.19750217875,3
2022-06-23 04:07:59.319263,72378.87750894323,4
2022-06-23 05:07:59.319270,76682.27306644022,1
2022-06-23 05:07:59.319270,18983.876433659465,2
2022-06-23 05:07:59.319270,136533.12775196502,3
2022-06-23 05:07:59.319270,72084.06349696734,4
2022-06-23 06:07:59.319278,57855.285290018874,1
2022-06-23 06:07:59.319278,15638.995141224375,2
2022-06-23 06:07:59.319278,135624.0260188575,3
2022-06-23 06:07:59.319278,74424.6719758396,4
2022-06-23 07:07:59.319286,81251.77793850764,1
2022-06-23 07:07:59.319286,17392.44925137907,2
2022-06-23 07:07:59.319286,108425.33458051478,3
2022-06-23 07:07:59.319286,71676.13908440962,4
2022-06-23 08:07:59.319293,73121.40690077738,1
2022-06-23 08:07:59.319293,15058.259627890513,2
2022-06-23 08:07:59.319293,139049.0552841084,3
2022-06-23 08:07:59.319293,85593.59718446343,4
2022-06-23 09:07:59.319302,75300.24457608978,1
2022-06-23 09:07:59.319302,16046.995222149653,2
2022-06-23 09:07:59.319302,122511.6978005233,3
2022-06-23 09:07:59.319302,89899.68553869786,4
2022-06-23 10:07:59.319310,72117.55018209602,1
2022-06-23 10:07:59.319310,16549.446330015813,2
2022-06-23 10:07:59.319310,105325.60605725723,3
2022-06-23 10:07:59.319310,61209.814470876576,4
2022-06-23 11:07:59.319317,61148.07231798377,1
2022-06-23 11:07:59.319317,20592.04988778001,2
2022-06-23 11:07:59.319317,123989.3864668471,3
2022-06-23 11:07:59.319317,61871.26146280997,4
2022-06-23 12:07:59.319325,70746.58976720304,1
2022-06-23 12:07:59.319325,15415.912442922,2
2022-06-23 12:07:59.319325,100977.89024477308,3
2022-06-23 12:07:59.319325,66501.40997963914,4
2022-06-23 13:07:59.319334,62821.69242523248,1
2022-06-23 13:07:59.319334,20150.50266664289,2
2022-06-23 13:07:59.319334,103446.43515475167,3
2022-06-23 13:07:59.319334,67069.36130937672,4
2022-06-23 14:07:59.319341,61987.56841934396,1
2022-06-23 14:07:59.319341,21121.70744048418,2
2022-06-23 14:07:59.319341,98678.99128836377,3
2022-06-23 14:07:59.319341,84574.11296289557,4
2022-06-23 15:07:59.319349,62499.40578328102,1
2022-06-23 15:07:59.319349,15600.344725273111,2
2022-06-23 15:07:59.319349,144935.09664120217,3
2022-06-23 15:07:59.319349,66211.19461638691,4
2022-06-23 16:07:59.319357,80422.04159985411,1
2022-06-23 16:07:59.319357,15200.933912729743,2
2022-06-23 16:07:59.319357,138254.29852623955,3
2022-06-23 16:07:59.319357,87563.5392464347,4
2022-06-23 17:07:59.319365,57186.3953064954,1
2022-06-23 17:07:59.319365,14834.346976020623,2
2022-06-23 17:07:59.319365,149076.72899309624,3
2022-06-23 17:07:59.319365,61105.972600595254,4
2022-06-23 18:07:59.319372,73509.42775025952,1
2022-06-23 18:07:59.319372,16671.344260447928,2
2022-06-23 18:07:59.319372,134625.43869196033,3
2022-06-23 18:07:59.319372,74255.52489243257,4
2022-06-23 19:07:59.319380,69204.08148559595,1
2022-06-23 19:07:59.319380,18249.86530110592,2
2022-06-23 19:07:59.319380,126497.64313801352,3
2022-06-23 19:07:59.319380,79956.18407287601,4
2022-06-23 20:07:59.319387,76353.6983455254,1
2022-06-23 20:07:59.319387,16529.217722373174,2
2022-06-23 20:07:59.319387,148643.64923381986,3
2022-06-23 20:07:59.319387,69143.72452072875,4
2022-06-23 21:07:59.319395,62531.665172443754,1
2022-06-23 21:07:59.319395,19656.783230101235,2
2022-06-23 21:07:59.319395,114138.7772320784,3
2022-06-23 21:07:59.319395,77023.59426286675,4
2022-06-23 22:07:59.319403,68915.11536064248,1
2022-06-23 22:07:59.319403,17736.5274577747,2
2022-06-23 22:07:59.319403,116962.7587665479,3
2022-06-23 22:07:59.319403,63221.88613231511,4
2022-06-23 23:07:59.319411,86355.50578125504,1
2022-06-23 23:07:59.319411,15449.184096813658,2
2022-06-23 23:07:59.319411,100337.48835818448,3
2022-06-23 23:07:59.319411,61745.16678697885,4
2022-06-24 00:07:59.319418,65853.12914293834,1
2022-06-24 00:07:59.319418,23519.699454353893,2
2022-06-24 00:07:59.319418,143363.38786957404,3
2022-06-24 00:07:59.319418,92314.01139145452,4
2022-06-24 01:07:59.319426,77602.50619132136,1
2022-06-24 01:07:59.319426,17868.35525346573,2
2022-06-24 01:07:59.319426,106436.42655471303,3
2022-06-24 01:07:59.319426,93195.75298841388,4
2022-06-24 02:07:59.319433,66676.87658833577,1
2022-06-24 02:07:59.319433,14988.04204455413,2
2022-06-24 02:07:59.319433,148717.38909622515,3
2022-06-24 02:07:59.319433,85168.0983610854,4
2022-06-24 03:07:59.319440,57218.89009247636,1
2022-06-24 03:07:59.319440,16926.99631851773,2
2022-06-24 03:07:59.319440,116649.03278076554,3
2022-06-24 03:07:59.319440,71830.6215515359,4
2022-06-24 04:07:59.319448,56463.47427482188,1
2022-06-24 04:07:59.319448,17571.070388172375,2
2022-06-24 04:07:59.319448,128796.7994685159,3
2022-06-24 04:07:59.319448,80781.45176448076,4
2022-06-24 05:07:59.319455,75861.29440711756,1
2022-06-24 05:07:59.319455,22366.804595848014,2
2022-06-24 05:07:59.319455,156235.61811768025,3
2022-06-24 05:07:59.319455,82362.1932566534,4
2022-06-24 06:07:59.319463,75060.68499920267,1
2022-06-24 06:07:59.319463,14609.782704052795,2
2022-06-24 06:07:59.319463,135598.81042530303,3
2022-06-24 06:07:59.319463,80357.73333410583,4
2022-06-24 07:07:59.319471,68277.377046569,1
2022-06-24 07:07:59.319471,16582.431474843343,2
2022-06-24 07:07:59.319471,96305.67398600947,3
2022-06-24 07:07:59.319471,80441.53031950424,4
2022-06-24 08:07:59.319479,56131.81548233967,1
2022-06-24 08:07:59.319479,17624.930518121848,2
2022-06-24 08:07:59.319479,155300.5944369548,3
2022-06-24 08:07:59.319479,88958.97804083762,4
2022-06-24 09:07:59.319486,95533.85371518422,1
2022-06-24 09:07:59.319486,18174.997673410162,2
2022-06-24 09:07:59.319486,143033.25417553936,3
2022-06-24 09:07:59.319486,83543.66640056926,4
2022-06-24 10:07:59.319494,91639.63823346217,1
2022-06-24 10:07:59.319494,20521.10092027622,2
2022-06-24 10:07:59.319494,122827.70768662338,3
2022-06-24 10:07:59.319494,62166.20037861424,4
2022-06-24 11:07:59.319501,96137.89448904165,1
2022-06-24 11:07:59.319501,16255.237847925026,2
2022-06-24 11:07:59.319501,99725.76345646768,3
2022-06-24 11:07:59.319501,72195.81869431073,4
2022-06-24 12:07:59.319508,68056.2877433217,1
2022-06-24 12:07:59.319508,17553.26494713588,2
2022-06-24 12:07:59.319508,100001.33748818583,3
2022-06-24 12:07:59.319508,79198.59612849454,4
2022-06-24 13:07:59.319516,63890.24384348309,1
2022-06-24 13:07:59.319516,15052.46965489687,2
2022-06-24 13:07:59.319516,153014.35114273848,3
2022-06-24 13:07:59.319516,75023.36323391355,4
2022-06-24 14:07:59.319524,83267.65669783438,1
2022-06-24 14:07:59.319524,23271.05182464924,2
2022-06-24 14:07:59.319524,137642.3127702583,3
2022-06-24 14:07:59.319524,68752.74743494109,4
2022-06-24 15:07:59.319531,86424.35079884848,1
2022-06-24 15:07:59.319531,15453.294944991017,2
2022-06-24 15:07:59.319531,135829.63316547478,3
2022-06-24 15:07:59.319531,96941.8683597399,4
2022-06-24 16:07:59.319539,92371.38207361463,1
2022-06-24 16:07:59.319539,22736.74863466456,2
2022-06-24 16:07:59.319539,160539.44515350333,3
2022-06-24 16:07:59.319539,67826.59134335868,4
2022-06-24 17:07:59.319765,88932.62645205704,1
2022-06-24 17:07:59.319765,16696.80344669502,2
2022-06-24 17:07:59.319765,170382.20093626372,3
2022-06-24 17:07:59.319765,108965.42123902119,4
2022-06-24 18:07:59.319776,57349.84623145473,1
2022-06-24 18:07:59.319776,21891.326687750665,2
2022-06-24 18:07:59.319776,126877.3646436759,3
2022-06-24 18:07:59.319776,93417.99937627613,4
2022-06-24 19:07:59.319784,95967.10487375742,1
2022-06-24 19:07:59.319784,21713.528542095664,2
2022-06-24 19:07:59.319784,143759.54131466977,3
2022-06-24 19:07:59.319784,91358.38427758563,4
2022-06-24 20:07:59.319791,87465.402247288,1
2022-06-24 20:07:59.319791,15099.78691461751,2
2022-06-24 20:07:59.319791,101513.36016787945,3
2022-06-24 20:07:59.319791,101522.41070917771,4
2022-06-24 21:07:59.319814,57746.70001708675,1
2022-06-24 21:07:59.319814,21399.39395173417,2
2022-06-24 21:07:59.319814,168188.04976906563,3
2022-06-24 21:07:59.319814,98046.69018821736,4
2022-06-24 22:07:59.319824,84406.5613126359,1
2022-06-24 22:07:59.319824,16124.275250555002,2
2022-06-24 22:07:59.319824,114695.93849202635,3
2022-06-24 22:07:59.319824,99050.19116099655,4
2022-06-24 23:07:59.319831,96543.81998977436,1
2022-06-24 23:07:59.319831,24318.63432355939,2
2022-06-24 23:07:59.319831,112986.54641597281,3
2022-06-24 23:07:59.319831,80119.56224065709,4
2022-06-25 00:07:59.319838,66028.80417067355,1
2022-06-25 00:07:59.319838,16888.90332321728,2
2022-06-25 00:07:59.319838,162373.40354995604,3
2022-06-25 00:07:59.319838,69626.08697577711,4
2022-06-25 01:07:59.319846,92111.63497729349,1
2022-06-25 01:07:59.319846,17502.68980136954,2
2022-06-25 01:07:59.319846,118936.9539590055,3
2022-06-25 01:07:59.319846,87754.47780903958,4
2022-06-25 02:07:59.319854,57709.69286530512,1
2022-06-25 02:07:59.319854,19350.683723373986,2
2022-06-25 02:07:59.319854,114387.32270462331,3
2022-06-25 02:07:59.319854,95930.66455565071,4
2022-06-25 03:07:59.319863,103923.47391410834,1
2022-06-25 03:07:59.319863,16175.052642354556,2
2022-06-25 03:07:59.319863,111238.3346880357,3
2022-06-25 03:07:59.319863,100908.93173996793,4
2022-06-25 04:07:59.319870,86827.7122827218,1
2022-06-25 04:07:59.319870,14627.180124871325,2
2022-06-25 04:07:59.319870,167686.78730263858,3
2022-06-25 04:07:59.319870,66293.66006492847,4
2022-06-25 05:07:59.319878,69276.39725662245,1
2022-06-25 05:07:59.319878,22141.320186320263,2
2022-06-25 05:07:59.319878,175627.4746993843,3
2022-06-25 05:07:59.319878,102774.52521878967,4
2022-06-25 06:07:59.319885,60302.70973190675,1
2022-06-25 06:07:59.319885,25849.96182924073,2
2022-06-25 06:07:59.319885,103726.72998590162,3
2022-06-25 06:07:59.319885,111561.85655550114,4
2022-06-25 07:07:59.319893,101093.78583406945,1
2022-06-25 07:07:59.319893,23345.587959343466,2
2022-06-25 07:07:59.319893,161633.2284308668,3
2022-06-25 07:07:59.319893,75703.47909808806,4
2022-06-25 08:07:59.319901,71405.52456732134,1
2022-06-25 08:07:59.319901,20299.323634353084,2
2022-06-25 08:07:59.319901,171968.81418026652,3
2022-06-25 08:07:59.319901,88957.23399990995,4
2022-06-25 09:07:59.319909,64038.416485793045,1
2022-06-25 09:07:59.319909,27442.477710417133,2
2022-06-25 09:07:59.319909,130635.05417230366,3
2022-06-25 09:07:59.319909,84936.06744779428,4
2022-06-25 10:07:59.319917,78877.05311786111,1
2022-06-25 10:07:59.319917,20723.836832055684,2
2022-06-25 10:07:59.319917,117118.30854074964,3
2022-06-25 10:07:59.319917,105833.7380779298,4
2022-06-25 11:07:59.319925,78736.44543159331,1
2022-06-25 11:07:59.319925,18285.36877829479,2
2022-06-25 11:07:59.319925,163584.448986392,3
2022-06-25 11:07:59.319925,67594.97267931009,4
2022-06-25 12:07:59.319933,66109.99519841606,1
2022-06-25 12:07:59.319933,24914.81181098673,2
2022-06-25 12:07:59.319933,120399.5666687805,3
2022-06-25 12:07:59.319933,96903.09662423175,4
2022-06-25 13:07:59.319940,97122.0762159082,1
2022-06-25 13:07:59.319940,16299.725795514814,2
2022-06-25 13:07:59.319940,168210.47071226052,3
2022-06-25 13:07:59.319940,119546.42664465564,4
2022-06-25 14:07:59.319947,73271.87392737716,1
2022-06-25 14:07:59.319947,21099.895789386297,2
2022-06-25 14:07:59.319947,106023.18259841314,3
2022-06-25 14:07:59.319947,61644.223355979644,4
2022-06-25 15:07:59.319954,65346.2306414459,1
2022-06-25 15:07:59.319954,24010.811547168854,2
2022-06-25 15:07:59.319954,181864.39307261517,3
2022-06-25 15:07:59.319954,70521.50016508189,4
2022-06-25 16:07:59.319962,65332.590689775265,1
2022-06-25 16:07:59.319962,19479.333299723527,2
2022-06-25 16:07:59.319962,103117.2455379727,3
2022-06-25 16:07:59.319962,79804.09011152406,4
2022-06-25 17:07:59.319981,112225.06009471812,1
2022-06-25 17:07:59.319981,19663.38674249271,2
2022-06-25 17:07:59.319981,105529.98254536564,3
2022-06-25 17:07:59.319981,76709.0296478856,4
2022-06-25 18:07:59.319989,106503.09396848825,1
2022-06-25 18:07:59.319989,16578.814874531537,2
2022-06-25 18:07:59.319989,173687.16944800364,3
2022-06-25 18:07:59.319989,80754.27856091518,4
2022-06-25 19:07:59.319996,74374.30761648042,1
2022-06-25 19:07:59.319996,17577.703018342785,2
2022-06-25 19:07:59.319996,148116.77199653533,3
2022-06-25 19:07:59.319996,109322.28489261719,4
2022-06-25 20:07:59.320003,109872.16236208458,1
2022-06-25 20:07:59.320003,28363.92602453925,2
2022-06-25 20:07:59.320003,144631.38792322786,3
2022-06-25 20:07:59.320003,73188.69477364511,4
2022-06-25 21:07:59.320011,88603.97024710083,1
2022-06-25 21:07:59.320011,15694.87714519612,2
2022-06-25 21:07:59.320011,112857.74746836463,3
2022-06-25 21:07:59.320011,87587.30380857587,4
2022-06-25 22:07:59.320018,75923.02240918555,1
2022-06-25 22:07:59.320018,27101.374180720333,2
2022-06-25 22:07:59.320018,108117.24119739971,3
2022-06-25 22:07:59.320018,90516.51030684914,4
2022-06-25 23:07:59.320026,89541.44776461559,1
2022-06-25 23:07:59.320026,21484.05209604354,2
2022-06-25 23:07:59.320026,155735.45105592103,3
2022-06-25 23:07:59.320026,122205.68978581138,4
2022-06-26 00:07:59.320040,113049.74000744932,1
2022-06-26 00:07:59.320040,16804.988109553175,2
2022-06-26 00:07:59.320040,179310.30542662586,3
2022-06-26 00:07:59.320040,94818.71649091036,4
2022-06-26 01:07:59.320049,101825.47008464122,1
2022-06-26 01:07:59.320049,22429.71969180835,2
2022-06-26 01:07:59.320049,180963.2775398096,3
2022-06-26 01:07:59.320049,115357.66211791942,4
2022-06-26 02:07:59.320057,86144.56743700476,1
2022-06-26 02:07:59.320057,28493.05555472462,2
2022-06-26 02:07:59.320057,168876.57248273652,3
2022-06-26 02:07:59.320057,128704.51105731554,4
2022-06-26 03:07:59.320066,106931.01302397094,1
2022-06-26 03:07:59.320066,15231.604414708818,2
2022-06-26 03:07:59.320066,203318.51560634054,3
2022-06-26 03:07:59.320066,97648.28830031355,4
2022-06-26 04:07:59.320074,117830.48935426323,1
2022-06-26 04:07:59.320074,30540.431719057717,2
2022-06-26 04:07:59.320074,127855.85821620154,3
2022-06-26 04:07:59.320074,125953.19642307813,4
2022-06-26 05:07:59.320081,90656.64879241397,1
2022-06-26 05:07:59.320081,22136.30848155323,2
2022-06-26 05:07:59.320081,153791.4340173406,3
2022-06-26 05:07:59.320081,86742.19202694875,4
2022-06-26 06:07:59.320090,118262.14537171516,1
2022-06-26 06:07:59.320090,21869.534112065907,2
2022-06-26 06:07:59.320090,146601.96294084587,3
2022-06-26 06:07:59.320090,85156.07664930311,4
2022-06-26 07:07:59.320098,71680.20607715134,1
2022-06-26 07:07:59.320098,18313.18586568771,2
2022-06-26 07:07:59.320098,120291.25474413052,3
2022-06-26 07:07:59.320098,110598.7035544787,4
2022-06-26 08:07:59.320105,79385.06650564577,1
2022-06-26 08:07:59.320105,15972.584814758953,2
2022-06-26 08:07:59.320105,154273.52190777342,3
2022-06-26 08:07:59.320105,131966.84821031135,4
2022-06-26 09:07:59.320112,90006.86579312242,1
2022-06-26 09:07:59.320112,27350.389020177863,2
2022-06-26 09:07:59.320112,132758.98522692206,3
2022-06-26 09:07:59.320112,123190.61099771515,4
2022-06-26 10:07:59.320121,60639.50486560606,1
2022-06-26 10:07:59.320121,14984.11016724952,2
2022-06-26 10:07:59.320121,160690.35922839164,3
2022-06-26 10:07:59.320121,124737.35162002812,4
2022-06-26 11:07:59.320128,57151.2945759189,1
2022-06-26 11:07:59.320128,29660.17137165935,2
2022-06-26 11:07:59.320128,103643.91393138396,3
2022-06-26 11:07:59.320128,97608.19344513457,4
2022-06-26 12:07:59.320135,68112.692323692,1
2022-06-26 12:07:59.320135,24937.400607110874,2
2022-06-26 12:07:59.320135,143874.0005336077,3
2022-06-26 12:07:59.320135,91183.90479457646,4
2022-06-26 13:07:59.320142,56362.48950800385,1
2022-06-26 13:07:59.320142,17983.15074212459,2
2022-06-26 13:07:59.320142,115895.25330071095,3
2022-06-26 13:07:59.320142,82361.9099787973,4
2022-06-26 14:07:59.320149,111147.23488608102,1
2022-06-26 14:07:59.320149,28043.45753233084,2
2022-06-26 14:07:59.320149,197451.25484290795,3
2022-06-26 14:07:59.320149,128136.87669258237,4
2022-06-26 15:07:59.320156,110021.44437963102,1
2022-06-26 15:07:59.320156,31935.452435833344,2
2022-06-26 15:07:59.320156,214335.51493290887,3
2022-06-26 15:07:59.320156,81040.57050689952,4
2022-06-26 16:07:59.320164,110722.90600244793,1
2022-06-26 16:07:59.320164,15663.39129682997,2
2022-06-26 16:07:59.320164,123483.83386688381,3
2022-06-26 16:07:59.320164,78030.94018844712,4
2022-06-26 17:07:59.320173,108777.2736120146,1
2022-06-26 17:07:59.320173,26479.337617829195,2
2022-06-26 17:07:59.320173,210927.97007007204,3
2022-06-26 17:07:59.320173,99806.46225549624,4
2022-06-26 18:07:59.320181,68590.39187892429,1
2022-06-26 18:07:59.320181,31294.320505164833,2
2022-06-26 18:07:59.320181,217159.68098558806,3
2022-06-26 18:07:59.320181,91565.49504396686,4
2022-06-26 19:07:59.320190,115799.7386969468,1
2022-06-26 19:07:59.320190,16884.56835730262,2
2022-06-26 19:07:59.320190,148399.99788375056,3
2022-06-26 19:07:59.320190,99466.22514873103,4
2022-06-26 20:07:59.320198,95652.02274455322,1
2022-06-26 20:07:59.320198,14718.942494199453,2
2022-06-26 20:07:59.320198,192383.95181082,3
2022-06-26 20:07:59.320198,135449.6939993228,4
2022-06-26 21:07:59.320206,91748.2974120646,1
2022-06-26 21:07:59.320206,31762.542054018984,2
2022-06-26 21:07:59.320206,206225.10135672963,3
2022-06-26 21:07:59.320206,62190.55029722163,4
2022-06-26 22:07:59.320215,111532.40045720061,1
2022-06-26 22:07:59.320215,21132.285990241133,2
2022-06-26 22:07:59.320215,201726.84766754656,3
2022-06-26 22:07:59.320215,89034.29230429446,4
2022-06-26 23:07:59.320224,65772.24916938614,1
2022-06-26 23:07:59.320224,28083.313708278532,2
2022-06-26 23:07:59.320224,160313.04868571524,3
2022-06-26 23:07:59.320224,94780.05760129457,4
2022-06-27 00:07:59.320231,108327.62182783797,1
2022-06-27 00:07:59.320231,19503.726343608723,2
2022-06-27 00:07:59.320231,192170.35803361575,3
2022-06-27 00:07:59.320231,71497.15161740936,4
2022-06-27 01:07:59.320239,106475.86488068567,1
2022-06-27 01:07:59.320239,26273.53524145542,2
2022-06-27 01:07:59.320239,98698.03262899321,3
2022-06-27 01:07:59.320239,131890.32685672215,4
2022-06-27 02:07:59.320248,57457.89776989141,1
2022-06-27 02:07:59.320248,30241.165751617962,2
2022-06-27 02:07:59.320248,193885.19723293366,3
2022-06-27 02:07:59.320248,92551.37181658993,4
2022-06-27 03:07:59.320256,100894.00638233157,1
2022-06-27 03:07:59.320256,17005.03560560043,2
2022-06-27 03:07:59.320256,136736.44999953193,3
2022-06-27 03:07:59.320256,113420.12427504899,4
2022-06-27 04:07:59.320264,116968.53313939672,1
2022-06-27 04:07:59.320264,25805.01132483154,2
2022-06-27 04:07:59.320264,191643.51611798955,3
2022-06-27 04:07:59.320264,67704.42857927602,4
2022-06-27 05:07:59.320273,120459.33304080431,1
2022-06-27 05:07:59.320273,16896.185209101754,2
2022-06-27 05:07:59.320273,142943.76653630298,3
2022-06-27 05:07:59.320273,128612.54513958222,4
2022-06-27 06:07:59.320281,97724.66143893903,1
2022-06-27 06:07:59.320281,25156.33056546761,2
2022-06-27 06:07:59.320281,107801.00070018385,3
2022-06-27 06:07:59.320281,137914.00328698306,4
2022-06-27 07:07:59.320289,58878.118163808875,1
2022-06-27 07:07:59.320289,15052.447739211948,2
2022-06-27 07:07:59.320289,198367.66418844307,3
2022-06-27 07:07:59.320289,129523.11840195372,4
2022-06-27 08:07:59.320297,81580.95877299641,1
2022-06-27 08:07:59.320297,19158.311376920807,2
2022-06-27 08:07:59.320297,156752.44832610345,3
2022-06-27 08:07:59.320297,128834.83840805758,4
2022-06-27 09:07:59.320306,83198.73059689751,1
2022-06-27 09:07:59.320306,27327.56844400149,2
2022-06-27 09:07:59.320306,208642.86783242476,3
2022-06-27 09:07:59.320306,62117.070120949305,4
2022-06-27 10:07:59.320314,80079.43299870104,1
2022-06-27 10:07:59.320314,15867.969567965962,2
2022-06-27 10:07:59.320314,163783.44659733563,3
2022-06-27 10:07:59.320314,70009.37654691545,4
2022-06-27 11:07:59.320323,118824.6016626691,1
2022-06-27 11:07:59.320323,17236.102556995582,2
2022-06-27 11:07:59.320323,226506.61634738883,3
2022-06-27 11:07:59.320323,102907.90505808276,4
2022-06-27 12:07:59.320331,83868.25641706838,1
2022-06-27 12:07:59.320331,18147.19069415632,2
2022-06-27 12:07:59.320331,157678.00216179702,3
2022-06-27 12:07:59.320331,129990.3105855901,4
2022-06-27 13:07:59.320340,71758.34801814366,1
2022-06-27 13:07:59.320340,17437.354572439905,2
2022-06-27 13:07:59.320340,211722.3791286872,3
2022-06-27 13:07:59.320340,131729.31707909648,4
2022-06-27 14:07:59.320348,71300.54966473965,1
2022-06-27 14:07:59.320348,14772.842835201034,2
2022-06-27 14:07:59.320348,139911.6763514371,3
2022-06-27 14:07:59.320348,81417.80860881016,4
2022-06-27 15:07:59.320357,69709.3504905179,1
2022-06-27 15:07:59.320357,15672.960960123788,2
2022-06-27 15:07:59.320357,139325.536266047,3
2022-06-27 15:07:59.320357,121414.16960351866,4
2022-06-27 16:07:59.320367,119804.1118192579,1
2022-06-27 16:07:59.320367,33440.9923372808,2
2022-06-27 16:07:59.320367,156224.15260345163,3
2022-06-27 16:07:59.320367,146341.04703854566,4
2022-06-27 17:07:59.320375,68734.76847919823,1
2022-06-27 17:07:59.320375,28974.51413736775,2
2022-06-27 17:07:59.320375,187891.49950058106,3
2022-06-27 17:07:59.320375,97914.71665346812,4
2022-06-27 18:07:59.320384,57702.418949009465,1
2022-06-27 18:07:59.320384,16024.90998547978,2
2022-06-27 18:07:59.320384,111421.6048090463,3
2022-06-27 18:07:59.320384,114255.90520113126,4
2022-06-27 19:07:59.320392,87271.74129083785,1
2022-06-27 19:07:59.320392,20003.218806274363,2
2022-06-27 19:07:59.320392,238850.98096450788,3
2022-06-27 19:07:59.320392,96582.41394770239,4
2022-06-27 20:07:59.320401,111412.13240128575,1
2022-06-27 20:07:59.320401,32201.747305268098,2
2022-06-27 20:07:59.320401,95784.11829604003,3
2022-06-27 20:07:59.320401,88612.43540762593,4
2022-06-27 21:07:59.320409,61359.7035083351,1
2022-06-27 21:07:59.320409,14953.38634712617,2
2022-06-27 21:07:59.320409,182391.85936006263,3
2022-06-27 21:07:59.320409,155487.99470336986,4
2022-06-27 22:07:59.320418,101543.59768246335,1
2022-06-27 22:07:59.320418,28620.20287964881,2
2022-06-27 22:07:59.320418,112302.72772909101,3
2022-06-27 22:07:59.320418,93362.6941124884,4
2022-06-27 23:07:59.320426,79446.30410006997,1
2022-06-27 23:07:59.320426,17946.569723516717,2
2022-06-27 23:07:59.320426,149571.98690075806,3
2022-06-27 23:07:59.320426,72809.60575831453,4
2022-06-28 00:07:59.320435,125795.53137369647,1
2022-06-28 00:07:59.320435,22336.304280358283,2
2022-06-28 00:07:59.320435,188656.4395410833,3
2022-06-28 00:07:59.320435,157057.24498490302,4
2022-06-28 01:07:59.320443,71346.22299102078,1
2022-06-28 01:07:59.320443,16466.44786767656,2
2022-06-28 01:07:59.320443,194187.73429514884,3
2022-06-28 01:07:59.320443,105433.06707141179,4
2022-06-28 02:07:59.320451,62237.85699957161,1
2022-06-28 02:07:59.320451,25283.558727341668,2
2022-06-28 02:07:59.320451,160956.53771385376,3
2022-06-28 02:07:59.320451,109707.61800444502,4
2022-06-28 03:07:59.320458,58598.21506679975,1
2022-06-28 03:07:59.320458,19825.187547495072,2
2022-06-28 03:07:59.320458,228390.880550679,3
2022-06-28 03:07:59.320458,159249.19675224065,4
2022-06-28 04:07:59.320466,82443.83441236718,1
2022-06-28 04:07:59.320466,24702.553855149876,2
2022-06-28 04:07:59.320466,206540.4009669649,3
2022-06-28 04:07:59.320466,133858.5231504517,4
2022-06-28 05:07:59.320474,63225.42433829155,1
2022-06-28 05:07:59.320474,28036.40248472098,2
2022-06-28 05:07:59.320474,219673.34781836244,3
2022-06-28 05:07:59.320474,119222.37663304986,4
2022-06-28 06:07:59.320483,142363.70352937406,1
2022-06-28 06:07:59.320483,24089.605687190022,2
2022-06-28 06:07:59.320483,234359.0375418021,3
2022-06-28 06:07:59.320483,131577.6851259779,4
2022-06-28 07:07:59.320490,82225.1671575122,1
2022-06-28 07:07:59.320490,29614.69985712631,2
2022-06-28 07:07:59.320490,248131.07455395945,3
2022-06-28 07:07:59.320490,100212.4254869133,4
2022-06-28 08:07:59.320498,110084.986495331,1
2022-06-28 08:07:59.320498,20549.278480142628,2
2022-06-28 08:07:59.320498,142052.2902970634,3
2022-06-28 08:07:59.320498,104854.77201882275,4
2022-06-28 09:07:59.320505,111650.14616318136,1
2022-06-28 09:07:59.320505,24974.37753169739,2
2022-06-28 09:07:59.320505,130403.28249032269,3
2022-06-28 09:07:59.320505,99509.00408941213,4
2022-06-28 10:07:59.320513,99260.71993760357,1
2022-06-28 10:07:59.320513,28608.830027109863,2
2022-06-28 10:07:59.320513,100116.33360840268,3
2022-06-28 10:07:59.320513,86009.63224386694,4
2022-06-28 11:07:59.320521,94628.32189995633,1
2022-06-28 11:07:59.320521,29401.13169804896,2
2022-06-28 11:07:59.320521,243637.32755767182,3
2022-06-28 11:07:59.320521,61527.60519074609,4
2022-06-28 12:07:59.320528,105229.93068171857,1
2022-06-28 12:07:59.320528,30428.4648907858,2
2022-06-28 12:07:59.320528,239037.2354038978,3
2022-06-28 12:07:59.320528,155636.397284145,4
2022-06-28 13:07:59.320537,65552.00991172943,1
2022-06-28 13:07:59.320537,25478.347204931793,2
2022-06-28 13:07:59.320537,227256.49362799255,3
2022-06-28 13:07:59.320537,164380.3990158055,4
2022-06-28 14:07:59.320545,94942.34198087276,1
2022-06-28 14:07:59.320545,25878.367622535257,2
2022-06-28 14:07:59.320545,256719.33875708643,3
2022-06-28 14:07:59.320545,106362.06856706747,4
2022-06-28 15:07:59.320552,141774.07097828368,1
2022-06-28 15:07:59.320552,35379.06326212094,2
2022-06-28 15:07:59.320552,166613.4143854818,3
2022-06-28 15:07:59.320552,86177.55525103488,4
2022-06-28 16:07:59.320560,134918.17874482434,1
2022-06-28 16:07:59.320560,37128.55626302934,2
2022-06-28 16:07:59.320560,174608.67480557584,3
2022-06-28 16:07:59.320560,97408.86021392033,4
2022-06-28 17:07:59.320568,96744.21984508744,1
2022-06-28 17:07:59.320568,15770.336397581625,2
2022-06-28 17:07:59.320568,169027.07761996152,3
2022-06-28 17:07:59.320568,94277.40440712607,4
2022-06-28 18:07:59.320576,127259.74872725224,1
2022-06-28 18:07:59.320576,22744.56311300192,2
2022-06-28 18:07:59.320576,193222.44398754556,3
2022-06-28 18:07:59.320576,85840.44078171613,4
2022-06-28 19:07:59.320584,139999.91916243258,1
2022-06-28 19:07:59.320584,24350.17556327818,2
2022-06-28 19:07:59.320584,111456.80828620901,3
2022-06-28 19:07:59.320584,110139.50294991187,4
2022-06-28 20:07:59.320591,66971.10922687974,1
2022-06-28 20:07:59.320591,21363.160978434,2
2022-06-28 20:07:59.320591,118717.86482212297,3
2022-06-28 20:07:59.320591,137498.14607067927,4
2022-06-28 21:07:59.320599,89982.66023905032,1
2022-06-28 21:07:59.320599,23370.153591423805,2
2022-06-28 21:07:59.320599,196255.2860888184,3
2022-06-28 21:07:59.320599,63504.31099809545,4
2022-06-28 22:07:59.320607,146269.85990172083,1
2022-06-28 22:07:59.320607,39382.57933738669,2
2022-06-28 22:07:59.320607,191619.66669129083,3
2022-06-28 22:07:59.320607,134063.72132248856,4
2022-06-28 23:07:59.320615,94388.89478353348,1
2022-06-28 23:07:59.320615,20577.10930436621,2
2022-06-28 23:07:59.320615,95896.46741686822,3
2022-06-28 23:07:59.320615,130897.18565035531,4
2022-06-29 00:07:59.320622,116364.82444682965,1
2022-06-29 00:07:59.320622,25707.079030294473,2
2022-06-29 00:07:59.320622,158386.0188274979,3
2022-06-29 00:07:59.320622,93267.14956484675,4
2022-06-29 01:07:59.320631,117356.9654843026,1
2022-06-29 01:07:59.320631,26583.850425888653,2
2022-06-29 01:07:59.320631,246869.75443921192,3
2022-06-29 01:07:59.320631,170281.2925141628,4
2022-06-29 02:07:59.320640,132749.2033351768,1
2022-06-29 02:07:59.320640,28296.850924151397,2
2022-06-29 02:07:59.320640,185082.26930074822,3
2022-06-29 02:07:59.320640,129724.77048909952,4
2022-06-29 03:07:59.320648,142841.5445434255,1
2022-06-29 03:07:59.320648,24818.550202835446,2
2022-06-29 03:07:59.320648,180906.8340155243,3
2022-06-29 03:07:59.320648,63300.52151165495,4
2022-06-29 04:07:59.320656,135699.65517568236,1
2022-06-29 04:07:59.320656,23090.438783323883,2
2022-06-29 04:07:59.320656,151090.0927465749,3
2022-06-29 04:07:59.320656,146134.34156677104,4
2022-06-29 05:07:59.320664,88744.4545108856,1
2022-06-29 05:07:59.320664,25443.71120595617,2
2022-06-29 05:07:59.320664,156325.6944442222,3
2022-06-29 05:07:59.320664,129815.20153447438,4
2022-06-29 06:07:59.320672,73865.80325496806,1
2022-06-29 06:07:59.320672,23719.350089072155,2
2022-06-29 06:07:59.320672,259378.20391718802,3
2022-06-29 06:07:59.320672,172927.72920963948,4
2022-06-29 07:07:59.320680,117540.63974748613,1
2022-06-29 07:07:59.320680,31327.728041525534,2
2022-06-29 07:07:59.320680,193464.95752435137,3
2022-06-29 07:07:59.320680,91430.82708625509,4
2022-06-29 08:07:59.320689,67924.18840208453,1
2022-06-29 08:07:59.320689,40155.09885970013,2
2022-06-29 08:07:59.320689,221377.6914474136,3
2022-06-29 08:07:59.320689,86347.09644042759,4
2022-06-29 09:07:59.320697,115300.66497950675,1
2022-06-29 09:07:59.320697,37911.87289049588,2
2022-06-29 09:07:59.320697,242990.9994666687,3
2022-06-29 09:07:59.320697,129331.6244962863,4
2022-06-29 10:07:59.320706,124857.77833653991,1
2022-06-29 10:07:59.320706,34665.5629588558,2
2022-06-29 10:07:59.320706,223214.30090953756,3
2022-06-29 10:07:59.320706,164811.95803346467,4
2022-06-29 11:07:59.320715,135635.6578134388,1
2022-06-29 11:07:59.320715,26981.518450767653,2
2022-06-29 11:07:59.320715,196727.97950267367,3
2022-06-29 11:07:59.320715,125945.7593423833,4
2022-06-29 12:07:59.320723,110920.94966662799,1
2022-06-29 12:07:59.320723,27136.640167238285,2
2022-06-29 12:07:59.320723,153038.36364833172,3
2022-06-29 12:07:59.320723,134953.55753605437,4
2022-06-29 13:07:59.320730,90745.92003074384,1
2022-06-29 13:07:59.320730,41927.77510026004,2
2022-06-29 13:07:59.320730,234774.2359672632,3
2022-06-29 13:07:59.320730,74449.59455923871,4
2022-06-29 14:07:59.320739,111810.87651736803,1
2022-06-29 14:07:59.320739,32320.531927500357,2
2022-06-29 14:07:59.320739,102051.24955062989,3
2022-06-29 14:07:59.320739,115023.74475808605,4
2022-06-29 15:07:59.320747,71769.23182317236,1
2022-06-29 15:07:59.320747,42879.8176859666,2
2022-06-29 15:07:59.320747,98919.04039403662,3
2022-06-29 15:07:59.320747,144435.67009445763,4
2022-06-29 16:07:59.320762,99449.31744898282,1
2022-06-29 16:07:59.320762,18163.687241633303,2
2022-06-29 16:07:59.320762,191465.83231383987,3
2022-06-29 16:07:59.320762,84228.45770942641,4
2022-06-29 17:07:59.320771,117221.75438275895,1
2022-06-29 17:07:59.320771,29026.11582105593,2
2022-06-29 17:07:59.320771,113999.43751035877,3
2022-06-29 17:07:59.320771,125555.33396348855,4
2022-06-29 18:07:59.320780,88413.4871016388,1
2022-06-29 18:07:59.320780,41839.62979037849,2
2022-06-29 18:07:59.320780,230719.63855967505,3
2022-06-29 18:07:59.320780,118043.50509718247,4
2022-06-29 19:07:59.320787,92842.91473358046,1
2022-06-29 19:07:59.320787,15413.146816080405,2
2022-06-29 19:07:59.320787,218747.73222972965,3
2022-06-29 19:07:59.320787,118214.80680616567,4
2022-06-29 20:07:59.320794,96790.33286931002,1
2022-06-29 20:07:59.320794,18526.929090057336,2
2022-06-29 20:07:59.320794,182251.98395173246,3
2022-06-29 20:07:59.320794,68898.96978877344,4
2022-06-29 21:07:59.320822,118759.02555372196,1
2022-06-29 21:07:59.320822,16543.21927964335,2
2022-06-29 21:07:59.320822,97444.9498588628,3
2022-06-29 21:07:59.320822,171633.16683204685,4
2022-06-29 22:07:59.320833,113562.65412421158,1
2022-06-29 22:07:59.320833,32699.57923528803,2
2022-06-29 22:07:59.320833,153124.3864212762,3
2022-06-29 22:07:59.320833,129257.78657291079,4
2022-06-29 23:07:59.320841,135414.93577301683,1
2022-06-29 23:07:59.320841,23671.595756341354,2
2022-06-29 23:07:59.320841,110570.13466744364,3
2022-06-29 23:07:59.320841,178672.34325901867,4
2022-06-30 00:07:59.320849,162806.28155421728,1
2022-06-30 00:07:59.320849,23948.926073873095,2
2022-06-30 00:07:59.320849,118453.90741401876,3
2022-06-30 00:07:59.320849,153672.48958784825,4
2022-06-30 01:07:59.320857,81497.08778414235,1
2022-06-30 01:07:59.320857,29262.619832816123,2
2022-06-30 01:07:59.320857,251809.52970931208,3
2022-06-30 01:07:59.320857,105003.72175505017,4
2022-06-30 02:07:59.320865,72285.43697105368,1
2022-06-30 02:07:59.320865,30930.366193622787,2
2022-06-30 02:07:59.320865,269809.5289732832,3
2022-06-30 02:07:59.320865,77175.03399174046,4
2022-06-30 03:07:59.320873,155868.92358933447,1
2022-06-30 03:07:59.320873,15703.186029382085,2
2022-06-30 03:07:59.320873,293352.47001603444,3
2022-06-30 03:07:59.320873,179955.98679730296,4
2022-06-30 04:07:59.320881,75319.13909892675,1
2022-06-30 04:07:59.320881,31526.442196828513,2
2022-06-30 04:07:59.320881,295085.41534331534,3
2022-06-30 04:07:59.320881,162225.23665516492,4
2022-06-30 05:07:59.320888,61235.24392137278,1
2022-06-30 05:07:59.320888,17179.54490309751,2
2022-06-30 05:07:59.320888,161154.43074289017,3
2022-06-30 05:07:59.320888,114426.048586458,4
2022-06-30 06:07:59.320896,124332.83905224007,1
2022-06-30 06:07:59.320896,18132.178862885845,2
2022-06-30 06:07:59.320896,154384.9175353093,3
2022-06-30 06:07:59.320896,97973.67233316391,4
2022-06-30 07:07:59.320904,140807.11678669578,1
2022-06-30 07:07:59.320904,39163.6639141865,2
2022-06-30 07:07:59.320904,270224.3409992951,3
2022-06-30 07:07:59.320904,185521.42651342403,4
2022-06-30 08:07:59.320912,148033.22234088823,1
2022-06-30 08:07:59.320912,20177.48341259055,2
2022-06-30 08:07:59.320912,179897.70496239065,3
2022-06-30 08:07:59.320912,177610.7258428099,4
2022-06-30 09:07:59.320920,121832.70613081582,1
2022-06-30 09:07:59.320920,27398.965473348537,2
2022-06-30 09:07:59.320920,130581.34032537493,3
2022-06-30 09:07:59.320920,86510.32888103178,4
2022-06-30 10:07:59.320929,96372.94616992079,1
2022-06-30 10:07:59.320929,43849.436310518264,2
2022-06-30 10:07:59.320929,295952.8696886222,3
2022-06-30 10:07:59.320929,129625.70692814855,4
2022-06-30 11:07:59.320937,77044.98120675024,1
2022-06-30 11:07:59.320937,35230.68597692914,2
2022-06-30 11:07:59.320937,290473.6865320924,3
2022-06-30 11:07:59.320937,64794.89291520386,4
2022-06-30 12:07:59.320945,84539.57960402514,1
2022-06-30 12:07:59.320945,36015.178556330895,2
2022-06-30 12:07:59.320945,202388.21716421755,3
2022-06-30 12:07:59.320945,121796.54564575499,4
2022-06-30 13:07:59.320954,109207.34774224306,1
2022-06-30 13:07:59.320954,19051.882430113154,2
2022-06-30 13:07:59.320954,257300.0002570865,3
2022-06-30 13:07:59.320954,127204.89989014635,4
2022-06-30 14:07:59.320962,169226.78545203333,1
2022-06-30 14:07:59.320962,25221.67698077236,2
2022-06-30 14:07:59.320962,188795.16416416503,3
2022-06-30 14:07:59.320962,85231.40280912572,4
2022-06-30 15:07:59.320971,62741.94504533846,1
2022-06-30 15:07:59.320971,39751.748744774806,2
2022-06-30 15:07:59.320971,278352.20893536427,3
2022-06-30 15:07:59.320971,115331.3571627622,4
2022-06-30 16:07:59.320979,99483.76114910698,1
2022-06-30 16:07:59.320979,43096.474289069454,2
2022-06-30 16:07:59.320979,170384.71817276248,3
2022-06-30 16:07:59.320979,93849.96204232084,4
2022-06-30 17:07:59.320988,169328.63411004766,1
2022-06-30 17:07:59.320988,34133.8902203631,2
2022-06-30 17:07:59.320988,274427.43267245835,3
2022-06-30 17:07:59.320988,176281.31034377503,4
2022-06-30 18:07:59.320995,80388.33647196238,1
2022-06-30 18:07:59.320995,33687.59220355586,2
2022-06-30 18:07:59.320995,280662.1811050243,3
2022-06-30 18:07:59.320995,177816.01241631282,4
2022-06-30 19:07:59.321003,129965.57431198853,1
2022-06-30 19:07:59.321003,20584.358204234784,2
2022-06-30 19:07:59.321003,298247.65850376006,3
2022-06-30 19:07:59.321003,87335.17429275703,4
2022-06-30 20:07:59.321011,154627.5400740409,1
2022-06-30 20:07:59.321011,30979.68354067295,2
2022-06-30 20:07:59.321011,212993.54986747616,3
2022-06-30 20:07:59.321011,96963.92342771112,4
2022-06-30 21:07:59.321019,181896.48787991895,1
2022-06-30 21:07:59.321019,27071.81112797891,2
2022-06-30 21:07:59.321019,102630.4626430276,3
2022-06-30 21:07:59.321019,137604.90741628868,4
2022-06-30 22:07:59.321027,123001.65806222406,1
2022-06-30 22:07:59.321027,40730.77050921194,2
2022-06-30 22:07:59.321027,198157.28529481153,3
2022-06-30 22:07:59.321027,187460.11319460423,4
2022-06-30 23:07:59.321041,122056.86726731951,1
2022-06-30 23:07:59.321041,29569.31651417826,2
2022-06-30 23:07:59.321041,136506.87846401636,3
2022-06-30 23:07:59.321041,76755.63338498988,4
2022-07-01 00:07:59.321049,124993.4929806003,1
2022-07-01 00:07:59.321049,20270.271360235067,2
2022-07-01 00:07:59.321049,106202.50103878479,3
2022-07-01 00:07:59.321049,148027.08430447202,4
2022-07-01 01:07:59.321058,128364.77005042418,1
2022-07-01 01:07:59.321058,15798.833777421241,2
2022-07-01 01:07:59.321058,219411.4508219608,3
2022-07-01 01:07:59.321058,112383.8674316364,4
2022-07-01 02:07:59.321066,153949.7122444854,1
2022-07-01 02:07:59.321066,42802.784652732975,2
2022-07-01 02:07:59.321066,274494.30707927,3
2022-07-01 02:07:59.321066,101302.83174517375,4
2022-07-01 03:07:59.321074,101416.42029186702,1
2022-07-01 03:07:59.321074,18400.56089088141,2
2022-07-01 03:07:59.321074,131816.07009806117,3
2022-07-01 03:07:59.321074,167420.23560310184,4
2022-07-01 04:07:59.321082,120591.92700873314,1
2022-07-01 04:07:59.321082,41436.0639832726,2
2022-07-01 04:07:59.321082,203805.47303203843,3
2022-07-01 04:07:59.321082,196158.5891457398,4
2022-07-01 05:07:59.321089,139198.50232871884,1
2022-07-01 05:07:59.321089,36199.45109731091,2
2022-07-01 05:07:59.321089,225300.82951104664,3
2022-07-01 05:07:59.321089,112298.01089528773,4
2022-07-01 06:07:59.321096,149603.85039383842,1
2022-07-01 06:07:59.321096,36395.29856715825,2
2022-07-01 06:07:59.321096,225943.00037725837,3
2022-07-01 06:07:59.321096,108612.11104036751,4
2022-07-01 07:07:59.321104,107105.036054593,1
2022-07-01 07:07:59.321104,47141.28199215223,2
2022-07-01 07:07:59.321104,159904.1342567408,3
2022-07-01 07:07:59.321104,156540.5705344764,4
2022-07-01 08:07:59.321111,109380.04834671767,1
2022-07-01 08:07:59.321111,43211.07806720257,2
2022-07-01 08:07:59.321111,136254.4784098052,3
2022-07-01 08:07:59.321111,123238.77814926335,4
2022-07-01 09:07:59.321118,155247.02298748278,1
2022-07-01 09:07:59.321118,37355.3439020196,2
2022-07-01 09:07:59.321118,145321.75791992058,3
2022-07-01 09:07:59.321118,62524.44228350657,4
2022-07-01 10:07:59.321126,185615.00971180986,1
2022-07-01 10:07:59.321126,14798.043890006027,2
2022-07-01 10:07:59.321126,318400.46904081944,3
2022-07-01 10:07:59.321126,82854.3014244422,4
2022-07-01 11:07:59.321134,89613.07867335118,1
2022-07-01 11:07:59.321134,39771.46012970897,2
2022-07-01 11:07:59.321134,280565.71780831856,3
2022-07-01 11:07:59.321134,116080.4013905917,4
2022-07-01 12:07:59.321142,151201.29256737535,1
2022-07-01 12:07:59.321142,36918.44571461651,2
2022-07-01 12:07:59.321142,188156.13112558477,3
2022-07-01 12:07:59.321142,144618.6988157231,4
2022-07-01 13:07:59.321149,138988.21948514014,1
2022-07-01 13:07:59.321149,24553.79448136919,2
2022-07-01 13:07:59.321149,182282.65735146648,3
2022-07-01 13:07:59.321149,197205.3051132652,4
2022-07-01 14:07:59.321156,81706.50146810296,1
2022-07-01 14:07:59.321156,35555.66660569247,2
2022-07-01 14:07:59.321156,150838.81814051073,3
2022-07-01 14:07:59.321156,63053.4243920939,4
2022-07-01 15:07:59.321163,177999.20949302515,1
2022-07-01 15:07:59.321163,34103.22162927271,2
2022-07-01 15:07:59.321163,234190.92722607238,3
2022-07-01 15:07:59.321163,166398.63175925022,4
2022-07-01 16:07:59.321170,136864.03035112593,1
2022-07-01 16:07:59.321170,42626.31317981408,2
2022-07-01 16:07:59.321170,322737.8052622761,3
2022-07-01 16:07:59.321170,108311.20877968526,4
2022-07-01 17:07:59.321178,104227.02967113018,1
2022-07-01 17:07:59.321178,17614.211982150606,2
2022-07-01 17:07:59.321178,125132.20996004895,3
2022-07-01 17:07:59.321178,63586.82686777842,4
2022-07-01 18:07:59.321185,155782.1322559881,1
2022-07-01 18:07:59.321185,17702.398414539595,2
2022-07-01 18:07:59.321185,183992.53991891164,3
2022-07-01 18:07:59.321185,163358.06270063933,4
2022-07-01 19:07:59.321193,111475.71627251778,1
2022-07-01 19:07:59.321193,45122.0093587307,2
2022-07-01 19:07:59.321193,161476.33684992482,3
2022-07-01 19:07:59.321193,170475.53710534377,4
2022-07-01 20:07:59.321201,125328.90101039052,1
2022-07-01 20:07:59.321201,24196.413993831447,2
2022-07-01 20:07:59.321201,333928.48468372267,3
2022-07-01 20:07:59.321201,119581.2640278905,4
